feedback_id,coffee_type,rating,comment,date
1,Cappucino,1,Too sweet,2024-03-16
2,Black,5,Too sweet,2023-09-02
3,Black,4,Perfect,2024-11-09
4,Latte,1,Too bitter,2023-12-10
5,Latte,3,Perfect,2023-08-02
6,Filter,2,Too bitter,2023-10-21
7,Black,1,Too bitter,2025-09-28
8,Filter,5,Loved it,2023-08-28
9,Black,5,Very nice,2023-09-14
10,Filter,1,Too bitter,2025-02-20
11,Black,4,Loved it,2024-11-22
12,Dalgona,4,Loved it,2024-03-06
13,Dalgona,3,Perfect,2024-01-19
14,Cappucino,4,Perfect,2024-11-06
15,Latte,2,Too bitter,2024-11-15
16,Cappucino,2,Too sweet,2025-08-22
17,Black,2,Loved it,2023-01-12
18,Cappucino,2,Perfect,2023-09-14
19,Filter,2,Very nice,2024-03-03
20,Latte,2,Not hot enough,2024-04-28
21,Espresso,3,Loved it,2024-02-27
22,Espresso,5,Not hot enough,2025-04-15
23,Latte,4,Too bitter,2023-02-11
24,Filter,4,Too sweet,2025-07-20
25,Cappucino,4,Perfect,2025-12-03
26,Filter,3,Loved it,2025-04-13
27,Latte,1,Perfect,2025-02-20
28,Cappucino,2,Very nice,2025-12-01
29,Cappucino,5,Too bitter,2024-12-19
30,Espresso,5,Perfect,2025-12-10
31,Filter,1,Perfect,2025-03-26
32,Cappucino,1,Very nice,2025-12-05
33,Latte,4,Too sweet,2023-01-09
34,Cappucino,4,Loved it,2023-02-16
35,Latte,2,Too bitter,2025-01-25
36,Latte,3,Perfect,2025-04-28
37,Latte,2,Very nice,2024-08-28
38,Espresso,5,Too sweet,2025-08-21
39,Dalgona,1,Very nice,2025-11-19
40,Filter,5,Loved it,2025-03-26
41,Black,5,Too sweet,2023-02-01
42,Black,5,Too bitter,2024-04-03
43,Dalgona,4,Loved it,2025-10-17
44,Cappucino,5,Not hot enough,2024-03-09
45,Cappucino,5,Too bitter,2023-04-24
46,Filter,5,Loved it,2023-02-01
47,Espresso,3,Too sweet,2024-04-26
48,Cappucino,2,Perfect,2023-11-10
49,Latte,4,Very nice,2024-01-11
50,Latte,1,Too bitter,2023-11-09
51,Black,4,Too sweet,2023-08-12
52,Espresso,3,Very nice,2025-11-22
53,Espresso,5,Too bitter,2025-11-12
54,Dalgona,2,Not hot enough,2023-01-22
55,Filter,1,Perfect,2025-12-27
56,Black,4,Perfect,2024-05-14
57,Filter,2,Not hot enough,2024-04-11
58,Black,2,Too sweet,2023-09-01
59,Espresso,5,Loved it,2024-06-05
60,Filter,4,Too sweet,2025-01-08
61,Latte,5,Not hot enough,2024-01-13
62,Cappucino,3,Perfect,2024-03-07
63,Dalgona,4,Too sweet,2024-02-19
64,Espresso,3,Too bitter,2024-08-09
65,Cappucino,5,Not hot enough,2025-11-21
66,Black,1,Perfect,2025-07-25
67,Latte,3,Loved it,2023-05-11
68,Filter,5,Too bitter,2025-05-07
69,Latte,1,Too sweet,2024-02-09
70,Filter,5,Perfect,2025-12-26
71,Espresso,5,Too bitter,2024-03-05
72,Espresso,4,Too bitter,2023-06-27
73,Cappucino,1,Perfect,2023-03-02
74,Espresso,5,Too sweet,2023-02-07
75,Espresso,3,Perfect,2025-06-13
76,Espresso,2,Very nice,2024-12-25
77,Filter,1,Not hot enough,2023-09-08
78,Dalgona,4,Not hot enough,2024-02-01
79,Dalgona,5,Too bitter,2024-05-14
80,Filter,4,Too sweet,2025-05-16
81,Latte,4,Loved it,2024-10-26
82,Black,4,Perfect,2024-09-14
83,Espresso,1,Too bitter,2023-12-12
84,Espresso,4,Loved it,2024-12-11
85,Black,3,Not hot enough,2025-02-04
86,Espresso,4,Not hot enough,2024-01-07
87,Latte,4,Perfect,2023-03-18
88,Latte,4,Loved it,2024-05-23
89,Filter,5,Loved it,2025-02-20
90,Black,1,Perfect,2024-02-10
91,Cappucino,2,Loved it,2023-01-25
92,Black,1,Loved it,2024-05-19
93,Espresso,1,Loved it,2024-05-11
94,Latte,2,Not hot enough,2023-03-17
95,Cappucino,4,Perfect,2023-06-13
96,Filter,4,Not hot enough,2024-09-04
97,Dalgona,5,Loved it,2023-08-10
98,Dalgona,1,Not hot enough,2024-06-11
99,Cappucino,2,Not hot enough,2025-08-22
100,Dalgona,1,Too bitter,2023-09-11
