order_id,coffee_type,sweetener,quantity,price_per_cup,total_sale,date,time
1,Dalgona,No sugar,4,100,400,2025-09-24,21:54
2,Filter,No sugar,5,50,250,2024-11-12,00:01
3,Filter,Brown sugar,1,50,50,2025-10-11,02:19
4,Latte,No sugar,3,80,240,2023-10-17,09:00
5,Latte,Brown sugar,2,80,160,2024-05-05,14:34
6,Filter,Sugar,1,50,50,2025-01-28,16:36
7,Espresso,No sugar,5,90,450,2024-10-22,01:01
8,Dalgona,Brown sugar,1,100,100,2023-03-05,05:30
9,Latte,Sugar,2,80,160,2023-12-24,05:50
10,Latte,Jaggery,5,80,400,2024-01-27,01:25
11,Latte,Brown sugar,4,80,320,2025-02-05,17:27
12,Latte,No sugar,5,80,400,2024-01-24,08:33
13,Filter,Brown sugar,5,50,250,2024-12-01,05:24
14,Black,Brown sugar,4,60,240,2023-04-15,07:37
15,Filter,Brown sugar,4,50,200,2025-02-06,08:01
16,Filter,Jaggery,1,50,50,2023-10-15,09:35
17,Latte,Brown sugar,4,80,320,2025-05-02,13:43
18,Dalgona,Jaggery,3,100,300,2025-04-07,15:08
19,Latte,No sugar,2,80,160,2024-01-17,19:22
20,Black,Brown sugar,2,60,120,2024-07-26,05:35
21,Black,Sugar,3,60,180,2023-12-15,01:11
22,Filter,No sugar,3,50,150,2024-08-10,14:44
23,Cappucino,Brown sugar,1,110,110,2023-01-03,18:22
24,Dalgona,Jaggery,3,100,300,2025-04-10,16:58
25,Cappucino,Sugar,1,110,110,2023-12-15,12:15
26,Espresso,Brown sugar,5,90,450,2025-08-25,23:00
27,Latte,Brown sugar,1,80,80,2023-06-03,03:18
28,Filter,Brown sugar,3,50,150,2024-05-23,11:01
29,Filter,Sugar,1,50,50,2025-11-02,16:42
30,Filter,Sugar,1,50,50,2024-07-14,14:02
31,Filter,No sugar,2,50,100,2025-11-12,04:51
32,Filter,Sugar,5,50,250,2025-08-02,09:06
33,Black,Brown sugar,2,60,120,2024-08-02,08:05
34,Filter,No sugar,3,50,150,2024-02-06,15:42
35,Black,Sugar,5,60,300,2025-04-28,00:23
36,Black,Sugar,1,60,60,2025-12-08,05:55
37,Espresso,Sugar,5,90,450,2023-01-28,23:44
38,Latte,No sugar,4,80,320,2025-03-25,20:07
39,Black,Jaggery,1,60,60,2023-07-13,09:41
40,Dalgona,Sugar,1,100,100,2023-10-05,16:33
41,Latte,No sugar,5,80,400,2023-01-21,16:38
42,Cappucino,Sugar,2,110,220,2024-03-27,03:12
43,Latte,No sugar,5,80,400,2025-01-26,18:17
44,Dalgona,Sugar,1,100,100,2023-04-13,09:15
45,Black,Brown sugar,5,60,300,2024-01-13,15:27
46,Latte,Brown sugar,3,80,240,2025-11-05,07:04
47,Cappucino,Brown sugar,2,110,220,2024-08-27,20:25
48,Espresso,Jaggery,3,90,270,2023-10-03,03:12
49,Black,Sugar,5,60,300,2025-12-04,11:51
50,Cappucino,Brown sugar,4,110,440,2024-07-28,16:30
51,Latte,No sugar,4,80,320,2024-06-10,08:48
52,Filter,Sugar,1,50,50,2023-07-14,00:36
53,Dalgona,Jaggery,3,100,300,2025-01-18,00:42
54,Espresso,Brown sugar,4,90,360,2025-12-03,08:50
55,Espresso,Jaggery,3,90,270,2023-06-20,01:07
56,Black,Jaggery,3,60,180,2023-03-17,20:33
57,Dalgona,No sugar,1,100,100,2024-01-25,22:25
58,Latte,No sugar,2,80,160,2024-04-11,06:49
59,Cappucino,Brown sugar,3,110,330,2024-05-15,00:14
60,Espresso,Jaggery,2,90,180,2023-05-11,08:39
61,Black,Jaggery,2,60,120,2024-11-09,23:49
62,Latte,Brown sugar,4,80,320,2024-12-09,13:13
63,Latte,Jaggery,5,80,400,2024-09-24,03:12
64,Latte,Brown sugar,4,80,320,2024-12-07,10:07
65,Filter,Brown sugar,1,50,50,2025-06-07,12:57
66,Black,Brown sugar,5,60,300,2024-03-09,12:20
67,Cappucino,Sugar,2,110,220,2025-06-23,19:59
68,Dalgona,Sugar,3,100,300,2024-02-07,01:24
69,Filter,Jaggery,1,50,50,2024-03-07,10:23
70,Espresso,Sugar,5,90,450,2025-04-01,04:34
71,Cappucino,Sugar,5,110,550,2025-03-21,05:24
72,Espresso,Jaggery,4,90,360,2025-08-21,16:50
73,Filter,Sugar,1,50,50,2024-04-26,00:43
74,Cappucino,Jaggery,5,110,550,2024-02-02,18:01
75,Dalgona,Sugar,5,100,500,2023-03-14,21:40
76,Filter,Brown sugar,2,50,100,2023-12-11,02:05
77,Dalgona,Sugar,3,100,300,2023-01-12,02:04
78,Cappucino,Sugar,5,110,550,2023-07-02,23:10
79,Cappucino,Sugar,2,110,220,2025-12-25,00:12
80,Filter,Jaggery,2,50,100,2024-01-14,10:27
81,Dalgona,Brown sugar,4,100,400,2023-05-14,17:02
82,Filter,Jaggery,5,50,250,2024-08-17,07:23
83,Filter,No sugar,3,50,150,2024-07-23,15:42
84,Cappucino,Sugar,5,110,550,2024-09-27,17:45
85,Black,Sugar,3,60,180,2023-04-05,19:56
86,Latte,Sugar,4,80,320,2024-09-03,14:12
87,Filter,Brown sugar,5,50,250,2024-07-06,06:22
88,Black,No sugar,2,60,120,2025-02-02,05:11
89,Espresso,Jaggery,2,90,180,2024-07-16,01:38
90,Latte,Jaggery,3,80,240,2023-11-20,13:25
91,Filter,No sugar,3,50,150,2025-08-04,00:37
92,Cappucino,Sugar,2,110,220,2023-02-14,13:03
93,Black,No sugar,1,60,60,2023-11-07,09:55
94,Latte,No sugar,2,80,160,2023-12-06,01:24
95,Espresso,Brown sugar,5,90,450,2023-03-03,04:33
96,Espresso,Sugar,5,90,450,2025-03-12,06:31
97,Dalgona,Jaggery,1,100,100,2024-06-17,21:17
98,Latte,Brown sugar,3,80,240,2025-11-23,18:50
99,Dalgona,Jaggery,1,100,100,2025-09-12,14:35
100,Filter,No sugar,1,50,50,2025-10-15,10:44
