supplier_id,name,item_supplied,quantity,cost_per_item,total_price
1,Fresh Coffee,Syrup,289,75,21675
2,Fresh Coffee,Coffee Beans,209,200,41800
3,Bean Bakery,Syrup,103,75,7725
4,Creamy Delights,Paper cups,219,15,3285
5,Bean Bakery,Milk,231,35,8085
6,Sugary Sweet co,Syrup,172,75,12900
7,CupMart,Sugar,276,50,13800
8,Fresh Coffee,Sugar,249,50,12450
9,Bean Bakery,Paper cups,158,15,2370
10,CupMart,Syrup,102,75,7650
11,Sugary Sweet co,Sugar,234,50,11700
12,Bean Bakery,Milk,188,35,6580
13,CupMart,Coffee Beans,125,200,25000
14,Bean Bakery,Straws,200,5,1000
15,Kiwi Koffee,Straws,294,5,1470
16,Sugary Sweet co,Milk,180,35,6300
17,CupMart,Straws,275,5,1375
18,Creamy Delights,Syrup,180,75,13500
19,Creamy Delights,Sugar,286,50,14300
20,Bean Bakery,Syrup,234,75,17550
21,Creamy Delights,Syrup,182,75,13650
22,Bean Bakery,Paper cups,172,15,2580
23,Creamy Delights,Syrup,189,75,14175
24,Kiwi Koffee,Milk,140,35,4900
25,Sugary Sweet co,Straws,293,5,1465
26,Fresh Coffee,Coffee Beans,274,200,54800
27,Creamy Delights,Milk,174,35,6090
28,Fresh Coffee,Coffee Beans,285,200,57000
29,CupMart,Straws,126,5,630
30,Sugary Sweet co,Milk,165,35,5775
31,Bean Bakery,Sugar,104,50,5200
32,Creamy Delights,Sugar,162,50,8100
33,Bean Bakery,Milk,290,35,10150
34,Kiwi Koffee,Straws,109,5,545
35,Creamy Delights,Coffee Beans,273,200,54600
36,Creamy Delights,Straws,138,5,690
37,Fresh Coffee,Milk,238,35,8330
38,Bean Bakery,Coffee Beans,279,200,55800
39,Bean Bakery,Coffee Beans,262,200,52400
40,Kiwi Koffee,Straws,154,5,770
41,Fresh Coffee,Milk,141,35,4935
42,Fresh Coffee,Coffee Beans,171,200,34200
43,Fresh Coffee,Coffee Beans,179,200,35800
44,Bean Bakery,Paper cups,159,15,2385
45,Creamy Delights,Milk,198,35,6930
46,Bean Bakery,Paper cups,277,15,4155
47,Sugary Sweet co,Milk,222,35,7770
48,Bean Bakery,Milk,203,35,7105
49,Creamy Delights,Coffee Beans,138,200,27600
50,CupMart,Paper cups,119,15,1785
51,Creamy Delights,Sugar,233,50,11650
52,CupMart,Straws,276,5,1380
53,Sugary Sweet co,Straws,227,5,1135
54,Kiwi Koffee,Straws,213,5,1065
55,CupMart,Syrup,296,75,22200
56,Sugary Sweet co,Syrup,127,75,9525
57,Creamy Delights,Straws,211,5,1055
58,CupMart,Syrup,248,75,18600
59,Fresh Coffee,Syrup,273,75,20475
60,Fresh Coffee,Sugar,299,50,14950
61,Creamy Delights,Sugar,169,50,8450
62,Kiwi Koffee,Milk,202,35,7070
63,Kiwi Koffee,Coffee Beans,137,200,27400
64,Sugary Sweet co,Sugar,231,50,11550
65,Creamy Delights,Sugar,163,50,8150
66,Sugary Sweet co,Paper cups,192,15,2880
67,CupMart,Sugar,219,50,10950
68,Creamy Delights,Syrup,186,75,13950
69,Creamy Delights,Coffee Beans,105,200,21000
70,Fresh Coffee,Sugar,230,50,11500
71,CupMart,Straws,130,5,650
72,Sugary Sweet co,Syrup,256,75,19200
73,Creamy Delights,Syrup,152,75,11400
74,CupMart,Syrup,223,75,16725
75,Creamy Delights,Coffee Beans,266,200,53200
76,Sugary Sweet co,Milk,104,35,3640
77,Kiwi Koffee,Syrup,130,75,9750
78,Sugary Sweet co,Straws,199,5,995
79,Fresh Coffee,Paper cups,127,15,1905
80,Kiwi Koffee,Coffee Beans,244,200,48800
81,CupMart,Sugar,247,50,12350
82,Kiwi Koffee,Coffee Beans,211,200,42200
83,Creamy Delights,Straws,257,5,1285
84,Sugary Sweet co,Syrup,164,75,12300
85,Fresh Coffee,Milk,277,35,9695
86,Kiwi Koffee,Syrup,282,75,21150
87,Kiwi Koffee,Syrup,102,75,7650
88,Sugary Sweet co,Milk,287,35,10045
89,Kiwi Koffee,Syrup,190,75,14250
90,Fresh Coffee,Straws,102,5,510
91,Fresh Coffee,Sugar,200,50,10000
92,Sugary Sweet co,Milk,245,35,8575
93,Fresh Coffee,Coffee Beans,134,200,26800
94,Bean Bakery,Coffee Beans,285,200,57000
95,CupMart,Straws,118,5,590
96,CupMart,Syrup,194,75,14550
97,Creamy Delights,Milk,232,35,8120
98,Fresh Coffee,Coffee Beans,259,200,51800
99,Kiwi Koffee,Straws,198,5,990
100,CupMart,Coffee Beans,294,200,58800
